{
    "AuthenticatedTheme":"dark",
    "CountryCode":"TH",
    "BrowserTrackerId":"null",
    "IsFirstLaunchAfterInstall":"true",
    "ActivePartyId":"",
    "RobloxLocaleId":"en_us",
    "ContactImporterBadgeSeen":"false",
    "ExperienceMenuVersion":"v9.2s3",
    "DataModelPatchConfig":"",
    "CredentialValue":"null",
    "AccountBlob":"null",
    "ContactImporterOptedInUsers":"",
    "UserId":"99999999999",
    "GameLocaleId":"en_us",
    "Membership":"0",
    "DisplayName":"masterp_services",
    "IsUnder13":"false",
    "Username":"masterp_services"
}