{
    "placeid": 16732694052,
    "linkvip": "",
    "rejoin": {
        "enable": true,
        "joinvip": false,
        "joinvip_self": false
    },
    "latency": {
        "delay": 5,
        "delay_loop": 10,
        "deley_join": 10
    },
    "accmanager": {
        "connect_ram": true,
        "connect_nexus": false
    },
    "emulator_type": "MuMu",
    "location_scripts": "/storage/emulated/0/Delta/Autoexecute/",
    "location_emulator": "",
    "request_bypass": false,
    "another": {
        "reloadgame": 0,
        "reconnect": false,
        "livestream": false
    },
    "hybrid": {
        "enable": false,
        "detect_percent": 0.80
    },
    "api_mode":{
        "enable": true
    },
    "webhook": {
        "link": "",
        "timer": 5
    },
    "macro": {
        "enable": false,
        "list_function": "5, 2, 6, 1"
    },
    "api_vip": {
        "configs": {
            "name": "Vip_Masterp",
            "price": 0
        },
        "creat_vip": false
    },
    "manager_devices": {
        "list_configs": {
            "1-12" :  "link-1"
        },
        "enable": false
    }
}