{
    "placeid": 4483381587,
    "linkvip": "",
    "rejoin": {
        "enable": true,
        "joinvip": false,
        "joinvip_by_self": false
    },
    "latency": {
        "delay": 5,
        "delay_loop": 10,
        "delay_join": 15
    },
    "accmanager": {
        "connect_ram": {
            "port": 7963,
            "enable": false
        },
        "connect_nexus": {
            "port": 5242,
            "enable": false
        }
    },
    "emulator_type": "MuMu",
    "location_workspace": "",
    "location_scripts": "/storage/emulated/0/Delta/Autoexecute/",
    "location_emulator": "",
    "request_bypass": false,
    "another": {
        "reloadgame": 0,
        "livestream": false
    },
    "api_mode": {
        "enable": true
    },
    "hybrid": {
        "enable": false,
        "detect_percent": 0.94
    },
    "macro": {
        "enable": false,
        "list_function": "7, 5, 4, 3, 2, 6, 1"
    },
    "api_vip": {
        "configs": {
            "name": "masterp_api",
            "price": 0
        },
        "creat_vip": true
    },
    "manager_devices": {
        "list_of_emulator": {
            "1-12": "link-1",
            "13-24": "link-2"
        },
        "enable": false
    }
}